index,entity_value
0,915.93 gram
1,451.99 gram
2,249.53 gram
3,570.36 watt
4,381.66 millilitre
5,193.55 gram
6,749.75 watt
7,466.46 gram
8,138.41 gram
9,219.24 watt
10,245.72 watt
11,185.27 watt
12,408.41 gram
13,8420424189.16 gram
14,507.94 gram
15,8420424423.78 gram
16,25261302986.45 watt
17,60993.72 millilitre
18,457.08 gram
19,61115.5 gram
20,387.66 volt
21,306.98 watt
22,446.42 fluid ounce
23,16840848417.98 watt
24,479.93 gram
25,170.67 gram
26,199.25 volt
27,30608.26 millilitre
28,261.22 watt
29,360.47 gram
30,629073.8 volt
31,308.24 gram
32,196.09 gram
33,504.66 gram
34,87.84 gram
35,2774.49 gram
36,313.7 watt
37,109.83 millilitre
38,294.8 watt
39,253.23 volt
40,135.99 watt
41,220.88 gram
42,11350.35 watt
43,109.38 gram
44,62.69 volt
45,316.53 fluid ounce
46,365.84 gram
47,253.85 watt
48,148.93 watt
49,73.64 millilitre
50,376.88 watt
51,104.03 gram
52,223.32 gram
53,8201.83 millilitre
54,30829.8 gram
55,347.28 gram
56,30630.19 watt
57,254.7 gram
58,364.34 gram
59,267.8 watt
60,109.39 gram
61,8538.93 gram
62,373.09 gram
63,219.69 gram
64,425.27 gram
65,156.91 gram
66,539.78 gram
67,307.3 watt
68,160.4 gram
69,146.56 watt
70,304922.69 watt
71,226.83 gram
72,61185.16 gram
73,75.9 gram
74,74.64 gram
75,531.6 gram
76,880.14 gram
77,795.71 watt
78,180.5 gram
79,76.01 millilitre
80,77.71 gram
81,78.03 gram
82,78.7 watt
83,292.83 gram
84,121855.0 watt
85,95.84 millilitre
86,319.82 gram
87,65.8 millilitre
88,1378.25 gram
89,578.49 gram
90,217.43 watt
91,243.85 gram
92,341.1 millilitre
93,216.85 watt
94,219.33 gram
95,289.54 gram
96,629187.32 gram
97,131.83 gram
98,1775.03 watt
99,117.03 gram
100,233.07 gram
101,173.15 gram
102,54.57 gram
103,8214.15 watt
104,191.13 watt
105,435.7 gram
106,192.18 gram
107,91966.79 gram
108,187.34 gram
109,52.06 watt
110,111.94 gram
111,163.86 millilitre
112,181.21 watt
113,141.0 volt
114,17510732.24 gram
115,132.92 watt
116,176.32 gram
117,379.74 gram
118,91.71 millilitre
119,170.36 gram
120,1170.82 millilitre
121,61207.61 gram
122,62630.76 watt
123,123.11 gram
124,108.45 gram
125,184.53 gram
126,30766.56 millilitre
127,88.68 gram
128,217.06 gram
129,718.18 gram
130,55.67 gram
131,138.36 gram
132,1752.32 volt
133,1549.55 watt
134,224.55 gram
135,1689.26 volt
136,572.61 watt
137,546.51 gram
138,582.85 gram
139,67.07 millilitre
140,832.52 gram
141,208.21 gram
142,60.27 gram
143,30628.73 gram
144,280.64 gram
145,147.37 gram
146,133.13 millilitre
147,88.91 watt
148,968.99 gram
149,98.1 watt
150,81.42 millilitre
151,361.42 millilitre
152,361.48 gram
153,211.76 watt
154,229.72 gram
155,678.5 watt
156,133.05 watt
157,90.52 gram
158,201.99 watt
159,61005.52 gram
160,158.59 millilitre
161,326.4 gram
162,221.4 gram
163,256.33 millilitre
164,223.55 watt
165,115.65 watt
166,391.08 gram
167,370.09 gram
168,363.78 gram
169,318.66 millilitre
170,347.01 gram
171,425734.67 watt
172,615.91 gram
173,586.68 gram
174,539.24 gram
175,492.16 gram
176,245.22 watt
177,125.54 volt
178,178.11 millilitre
179,203.63 gram
180,223.69 gram
181,342.87 watt
182,269.9 millilitre
183,141.5 gram
184,31381.74 gram
185,79.22 gram
186,423.28 gram
187,67.91 gram
188,8420424983.85 kilogram
189,243.42 watt
190,176.57 watt
191,211.33 watt
192,225.58 volt
193,304.13 volt
194,30762.72 volt
195,109.65 watt
196,180.57 gram
197,215.89 gram
198,202.41 gram
199,229.53 gram
200,328.69 gram
201,387.01 watt
202,638.49 watt
203,145.9 gram
204,437.23 gram
205,194.03 gram
206,96.03 watt
207,265.1 millilitre
208,415.89 watt
209,121.13 gram
210,307.47 gram
211,332.31 gram
212,477.91 volt
213,298.29 watt
214,202.02 gram
215,83.77 gram
216,95.98 gram
217,94.46 gram
218,113.14 watt
219,372.99 gram
220,283.02 gram
221,739.2 millilitre
222,79.11 millilitre
223,262.94 volt
224,290.55 watt
225,59.94 millilitre
226,268.61 watt
227,58872 gram
228,549.58 gram
229,60.49 watt
230,246.33 watt
231,53.0 watt
232,83.76 gram
233,630.54 gram
234,100.2 gram
235,359.63 watt
236,198.75 gram
237,764.8 gram
238,123.01 millilitre
239,162.28 gram
240,247.28 gram
241,622.69 millilitre
242,1763.98 watt
243,277.54 gram
244,1054.84 watt
245,194.27 gram
246,317.37 millilitre
247,79.0 watt
248,373.87 millilitre
249,2232.98 millilitre
250,201.71 watt
251,132.1 millilitre
252,103.58 gram
253,314739.97 watt
254,221.62 millilitre
255,158.05 watt
256,134.6 gram
257,4219.08 gram
258,174.62 gram
259,796.71 gram
260,5567.74 gram
261,316.21 gram
262,284.56 gram
263,249.78 watt
264,62.69 gram
265,137.87 gram
266,134.1 watt
267,180.12 gram
268,3544.04 gram
269,104.49 gram
270,497.48 gram
271,292.72 watt
272,161.85 gram
273,87.63 volt
274,98.68 volt
275,603.49 watt
276,205.03 millilitre
277,215.71 millilitre
278,389.2 gram
279,95.79 watt
280,200.59 watt
281,289.13 gram
282,241.12 gram
283,977.49 gram
284,145.17 gram
285,173.82 watt
286,98.64 gram
287,127.48 watt
288,256.62 gram
289,227.67 watt
290,246.68 gram
291,152449.94 watt
292,230.87 millilitre
293,98.34 gram
294,77.24 gram
295,98.97 watt
296,259.66 watt
297,199.63 millilitre
298,73.65 gram
299,1913.39 volt
300,107.34 watt
301,78.27 watt
302,220.63 gram
303,292.71 gram
304,73.74 watt
305,153.2 watt
306,145.63 gram
307,61122.41 watt
308,375.16 gram
309,397.16 gram
310,196.39 millilitre
311,228.29 millilitre
312,61240.76 gram
313,61147.36 gram
314,61672.68 watt
315,524.18 volt
316,254.83 watt
317,96.48 gram
318,224.03 millilitre
319,61252.54 millilitre
320,60997.57 millilitre
321,255.19 gram
322,122.94 watt
323,207.84 volt
324,220.7 watt
325,827.62 gram
326,392.59 watt
327,452.66 watt
328,429.66 watt
329,364.63 gram
330,299.76 gram
331,336.75 gram
332,351.0 gram
333,261.14 watt
334,328.36 watt
335,475.16 millilitre
336,500.7 millilitre
337,178.73 millilitre
338,281.3 millilitre
339,169.76 watt
340,566.54 gram
341,265.52 gram
342,342.04 volt
343,371.63 watt
344,287.47 millilitre
345,346.75 gram
346,398.25 millilitre
347,423.1 watt
348,500.63 gram
349,80.36 gram
350,858.27 gram
351,124.23 gram
352,131.73 gram
353,257.76 watt
354,635.44 watt
355,212.35 gram
356,389.8 watt
357,563.15 watt
358,92575.28 millilitre
359,61061.12 gram
360,103.09 gram
361,160.53 millilitre
362,112.87 gram
363,135.79 watt
364,207.18 gram
365,227.29 millilitre
366,356.09 gram
367,628.91 gram
368,411.34 gram
369,251.56 gram
370,298.31 gram
371,124.6 watt
372,95.85 gram
373,185.91 millilitre
374,166.71 millilitre
375,457.97 gram
376,494.91 gram
377,742.64 gram
378,294.7 gram
379,221.96 gram
380,153.92 watt
381,61234.56 gram
382,365.37 gram
383,5683.73 volt
384,663.26 millilitre
385,656.53 millilitre
386,332.69 gram
387,59.82 gram
388,74.65 gram
389,58.61 gram
390,606.03 gram
391,691.06 gram
392,224.43 watt
393,487.23 gram
394,348.05 millilitre
395,932.09 volt
396,957.59 gram
397,171.82 gram
398,60952.32 gram
399,629220.01 gram
400,726.35 gram
401,177.39 gram
402,226.04 millilitre
403,482.76 gram
404,316.78 watt
405,303.53 watt
406,144.61 millilitre
407,140.25 volt
408,412.05 gram
409,61.83 gram
410,129.37 gram
411,61642.89 millilitre
412,358.35 watt
413,61160.34 watt
414,61001.07 gram
415,186.99 watt
416,139.8 volt
417,4991.58 watt
418,334.11 gram
419,629038.51 watt
420,314924.41 gram
421,153.89 gram
422,807.25 gram
423,100.78 gram
424,445.83 watt
425,83.36 gram
426,302.07 gram
427,437.48 gram
428,151.54 millilitre
429,628.49 watt
430,302.09 millilitre
431,184.76 watt
432,60994.89 millilitre
433,60985.28 millilitre
434,355.53 gram
435,391.94 millilitre
436,255.2 gram
437,293.21 watt
438,568.96 volt
439,383.04 volt
440,396.06 gram
441,185.26 millilitre
442,116.48 millilitre
443,184.06 volt
444,228.2 gram
445,89.52 watt
446,488.46 gram
447,150.46 watt
448,151.31 gram
449,229.88 gram
450,260.25 millilitre
451,179.32 gram
452,403.15 gram
453,325.5 watt
454,134.53 gram
455,240.44 gram
456,101.72 gram
457,213.26 millilitre
458,53.1 gram
459,70.86 watt
460,368.85 gram
461,261.29 gram
462,80.5 millilitre
463,268.54 watt
464,1504.6 gram
465,175.81 millilitre
466,398.65 volt
467,56.16 watt
468,67.98 gram
469,204.36 millilitre
470,215.01 gram
471,98.5 volt
472,187.77 gram
473,238.56 gram
474,160.06 millilitre
475,295.63 fluid ounce
476,140.42 millilitre
477,191.22 gram
478,130.26 gram
479,115.0 gram
480,119.42 gram
481,67.84 gram
482,242027.43 gram
483,272060.12 watt
484,55.05 volt
485,475.93 gram
486,491.28 gram
487,390.21 gram
488,899.81 volt
489,443.87 watt
490,144.09 watt
491,494.84 millilitre
492,180.03 gram
493,350.89 millilitre
494,607.19 gram
495,210.17 millilitre
496,632.64 watt
497,254.14 gram
498,287.51 gram
499,1536.07 watt
500,833.14 volt
501,90.96 gram
502,170.74 millilitre
503,159.44 millilitre
504,199.35 millilitre
505,103.3 gram
506,230.41 gram
507,468.14 gram
508,323.34 gram
509,124.91 gram
510,140.71 watt
511,116.09 millilitre
512,1715.04 gram
513,1726.52 volt
514,71.52 watt
515,945.78 fluid ounce
516,133.36 gram
517,563.23 gram
518,540.79 gram
519,88.81 watt
520,95.35 millilitre
521,130.33 watt
522,144.09 gram
523,31476.62 watt
524,176.69 gram
525,31476.98 volt
526,133.34 watt
527,1983.58 volt
528,232.15 watt
529,167.75 gram
530,65.87 millilitre
531,60959.25 watt
532,456.94 millilitre
533,551.39 watt
534,564.42 gram
535,144.86 gram
536,61033.89 millilitre
537,61389.19 watt
538,207.98 volt
539,192.5 millilitre
540,191.85 millilitre
541,117.02 watt
542,345.86 volt
543,314642.65 gram
544,629007.73 gram
545,30903.93 gram
546,30592.3 watt
547,30610.81 volt
548,62071.68 watt
549,123.43 millilitre
550,217.35 gram
551,127.91 gram
552,243.07 watt
553,1212.01 volt
554,1249.82 gram
555,423.27 millilitre
556,334.62 gram
557,300.89 gram
558,92.7 gram
559,175.7 watt
560,287.7 millilitre
561,564.05 millilitre
562,241.27 millilitre
563,172.54 gram
564,637.55 gram
565,269.0 gram
566,215.04 watt
567,207.28 watt
568,6850.57 gram
569,156.44 volt
570,1781.03 gram
571,261.26 gram
572,452.31 gram
573,835.47 gram
574,777.72 watt
575,92.05 gram
576,30508.04 gram
577,60945.03 millilitre
578,159.86 gram
579,61470.44 millilitre
580,91892.27 millilitre
581,140.63 gram
582,125.14 gram
583,53.46 gram
584,87.76 watt
585,131.36 gram
586,2438.96 watt
587,138.99 gram
588,80.56 gram
589,389.59 watt
590,30932.39 gram
591,60963.72 volt
592,78.5 millilitre
593,155.62 millilitre
594,153.31 millilitre
595,261.32 gram
596,60993.42 millilitre
597,184.24 gram
598,799.19 gram
599,108.24 watt
600,84830.77 millilitre
601,487187.17 millilitre
602,192.74 millilitre
603,203.09 millilitre
604,306.61 gram
605,129.41 watt
606,75.51 gram
607,125.1 millilitre
608,334.7 millilitre
609,87.03 watt
610,60925.78 millilitre
611,121.57 gram
612,75.01 watt
613,82.52 volt
614,319.8 watt
615,239.62 watt
616,284.56 volt
617,186.4 volt
618,213.6 gram
619,636.92 gram
620,97.88 volt
621,181.63 gram
622,100.44 volt
623,170.75 gram
624,70715.37 watt
625,211.78 gram
626,354.62 gram
627,314705.86 watt
628,130.5 watt
629,233.39 watt
630,122.36 gram
631,127.31 gram
632,195.22 millilitre
633,215.26 gram
634,212.55 gram
635,241.88 watt
636,774.44 gram
637,795.63 gram
638,30436.38 volt
639,258.54 watt
640,734.21 gram
641,61571.31 gram
642,425710.49 gram
643,219.26 gram
644,462.18 gram
645,552.01 gram
646,145.29 gram
647,264.63 gram
648,114.37 gram
649,109.0 gram
650,521.66 watt
651,2019659580511.81 watt
652,93.54 millilitre
653,273.8 watt
654,186.38 gram
655,141.43 gram
656,183.73 millilitre
657,301.28 millilitre
658,224.95 watt
659,86.5 gram
660,143.7 gram
661,1588.18 gram
662,292.8 gram
663,365.96 gram
664,284.88 gram
665,223.09 gram
666,123.48 gram
667,278.99 gram
668,1137.35 millilitre
669,1143.87 gram
670,563.36 gram
671,344.57 gram
672,181.52 gram
673,169.71 gram
674,453.37 gram
675,557.61 gram
676,403.59 gram
677,652.84 gram
678,234.76 watt
679,359.83 millilitre
680,64.12 volt
681,134906690.52 watt
682,232.11 millilitre
683,1015.11 gram
684,669.14 watt
685,817.75 millilitre
686,410.65 millilitre
687,1413.76 millilitre
688,216.28 gram
689,741.83 gram
690,868.02 gram
691,568.45 volt
692,314865.66 watt
693,225.46 gram
694,61012.63 watt
695,217.71 gram
696,497.52 volt
697,380.05 watt
698,208.71 watt
699,356.09 watt
700,429.98 millilitre
701,141.5 gram
702,126.74 gram
703,124.36 volt
704,207.06 watt
705,283.33 volt
706,248.35 gram
707,571.48 watt
708,106.81 gram
709,217.18 watt
710,1810.07 gram
711,199.76 gram
712,163.53 watt
713,149.05 gram
714,449.58 gram
715,575.38 millilitre
716,525.02 gram
717,77.98 watt
718,93.74 watt
719,70.81 gram
720,600.54 gram
721,452.75 gram
722,171.35 watt
723,605.75 gram
724,70.95 gram
725,777.22 gram
726,51.01 gram
727,405.97 gram
728,1057.92 millilitre
729,136.81 millilitre
730,299.87 watt
731,1026.49 gram
732,1577299.06 gram
733,991.53 gram
734,297.44 watt
735,139.77 volt
736,168.91 watt
737,503.58 gram
738,236.59 gram
739,146.79 gram
740,143.03 millilitre
741,191.82 gram
742,1714.6 gram
743,2559.98 watt
744,2543.86 volt
745,516.53 gram
746,184.54 volt
747,314621.89 watt
748,184.41 watt
749,284.12 gram
750,178.2 gram
751,316.05 gram
752,819.47 watt
753,89.72 gram
754,705.65 gram
755,476.77 volt
756,673.85 gram
757,528.43 watt
758,438.42 millilitre
759,445.13 gram
760,254.1 gram
761,103.82 gram
762,514.47 millilitre
763,621.87 millilitre
764,350.12 watt
765,335.95 gram
766,73.18 gram
767,164.86 watt
768,68.89 gram
769,169.24 gram
770,229.94 gram
771,60961.5 millilitre
772,560.54 fluid ounce
773,137.84 millilitre
774,1381.92 gram
775,109.63 gram
776,196.24 watt
777,101.73 volt
778,343.34 gram
779,61051.08 gram
780,659.39 gram
781,161.29 watt
782,394.86 millilitre
783,245.45 watt
784,484.32 gram
785,177.12 watt
786,253.17 millilitre
787,247.19 gram
788,415.52 millilitre
789,383.12 gram
790,4380.59 gram
791,806.42 watt
792,289.27 millilitre
793,192.74 gram
794,177.98 gram
795,598.02 gram
796,60987.79 gram
797,224.21 millilitre
798,715.08 gram
799,403.86 gram
800,331.15 gram
801,148.88 gram
802,463.1 gram
803,257.06 gram
804,234.29 gram
805,398.98 gram
806,356.13 gram
807,13393.71 gram
808,641.07 gram
809,373.2 gram
810,193.65 watt
811,111.08 watt
812,189.29 gram
813,130.06 gram
814,168.58 watt
815,246.49 millilitre
816,262.73 gram
817,117.5 gram
818,583.4 gram
819,59.65 gram
820,154.76 gram
821,258.55 watt
822,302.1 millilitre
823,194.73 gram
824,343.4 gram
825,285.46 watt
826,117.85 watt
827,143.05 gram
828,386.1 gram
829,19510.75 gram
830,564.97 watt
831,479.61 gram
832,111.65 gram
833,527.63 gram
834,163.74 gram
835,193.29 gram
836,1714.73 millilitre
837,361.06 gram
838,481.61 gram
839,233.17 gram
840,952.27 gram
841,184.2 gram
842,112.97 gram
843,284.96 gram
844,142.71 watt
845,682.37 millilitre
846,61119.8 gram
847,800.34 gram
848,36.8 watt
849,178.01 gram
850,224.99 millilitre
851,149.92 gram
852,3311.18 watt
853,542.79 watt
854,329.45 millilitre
855,127.37 watt
856,101.92 gram
857,445.86 millilitre
858,67453309.01 watt
859,196.34 gram
860,66.83 gram
861,121.2 gram
862,417.2 gram
863,120.22 gram
864,179.13 gram
865,400.89 watt
866,222.15 millilitre
867,197.31 watt
868,215.35 gram
869,61246.67 watt
870,348.9 gram
871,322.86 gram
872,494.01 watt
873,129.34 gram
874,367.71 gram
875,1680.78 gram
876,395638.65 gram
877,222.36 volt
878,220.43 watt
879,88.12 watt
880,173.92 gram
881,280.38 gram
882,92.54 gram
883,159.03 watt
884,202.27 watt
885,122.59 gram
886,340.76 gram
887,142.63 watt
888,309.52 gram
889,451.48 watt
890,243.29 volt
891,406.42 millilitre
892,241.71 watt
893,406.42 millilitre
894,393.74 millilitre
895,60963.97 millilitre
896,129.66 millilitre
897,363.56 gram
898,1083.65 gram
899,249.24 gram
900,150.98 millilitre
901,320.29 pound
902,321.45 watt
903,33726724.92 gram
904,2567.41 gram
905,293.73 gram
906,166.38 millilitre
907,501.76 gram
908,35450.38 volt
909,204.61 gram
910,511.22 gram
911,163.05 watt
912,179.4 gram
913,205.12 gram
914,288.14 gram
915,96.21 watt
916,290.42 gram
917,257.94 gram
918,1934.32 gram
919,168.04 watt
920,232.18 gram
921,1801.97 gram
922,227.36 gram
923,1751.43 watt
924,233.33 volt
925,106.09 watt
926,1845.99 watt
927,219.36 gram
928,1347.72 gram
929,144.61 gram
930,1689.96 gram
931,334.14 watt
932,192.24 volt
933,355.07 gram
934,175.79 watt
935,326.34 volt
936,513.72 watt
937,190.58 gram
938,169.96 gram
939,766.75 gram
940,460.76 gram
941,214.18 millilitre
942,989.27 volt
943,4171.1 watt
944,605.54 watt
945,313.81 gram
946,392.62 gram
947,314729.28 gram
948,350.16 watt
949,61324.69 watt
950,9354.29 volt
951,9418.73 watt
952,366.3 millilitre
953,2224.87 gram
954,225.5 gram
955,239.58 millilitre
956,254.09 millilitre
957,125.0 watt
958,979.78 gram
959,263.72 watt
960,351.76 gram
961,134.34 millilitre
962,142.6 millilitre
963,119.25 watt
964,454.78 volt
965,170.74 watt
966,260.96 gram
967,256.06 gram
968,183.33 gram
969,392.9 volt
970,148.8 volt
971,242.27 watt
972,500.56 gram
973,412.0 volt
974,63652.83 millilitre
975,91541.56 watt
976,286.26 watt
977,403.21 gram
978,631.04 watt
979,227.45 watt
980,173.44 gram
981,98.61 watt
982,61210.21 gram
983,115.52 gram
984,218.93 watt
985,215.4 gram
986,194.6 watt
987,325.36 millilitre
988,396.29 gram
989,514.64 gram
990,507.56 gram
991,2656.37 millilitre
992,893.59 volt
993,238.0 gram
994,341.25 gram
995,224.6 gram
996,125.93 watt
997,940.76 volt
998,593.51 millilitre
999,813.09 watt
1000,99.72 gram
1001,643.99 gram
1002,893.27 gram
1003,263.63 watt
1004,2220.56 gram
1005,2126.5 gram
1006,203.26 gram
1007,231.77 gram
1008,413.4 volt
1009,562.41 watt
1010,266.24 millilitre
1011,326.21 gram
1012,72.26 gram
1013,203.73 volt
1014,287.36 millilitre
1015,252.56 volt
1016,274.3 gram
1017,458.1 gram
1018,123.61 watt
1019,316.45 volt
1020,681.74 gram
1021,336.53 gram
1022,297.46 gram
1023,83.79 gram
1024,193.6 watt
1025,156.1 volt
1026,363.96 gram
1027,533.66 watt
1028,1652.45 millilitre
1029,246.39 gram
1030,584.46 pound
1031,73.66 watt
1032,576.47 watt
1033,455.29 gram
1034,143.71 watt
1035,149.95 gram
1036,225.79 millilitre
1037,2277.63 watt
1038,61030.33 gram
1039,314709.56 gram
1040,129.4 gram
1041,8420424181.66 gram
1042,245.83 millilitre
1043,271.95 kilogram
1044,61026.37 gram
1045,156.29 watt
1046,139.51 volt
1047,4149.98 gram
1048,30647.83 gram
1049,30610.63 watt
1050,197.79 millilitre
1051,218.11 watt
1052,320654480134.18 fluid ounce
1053,160327240189.76 watt
1054,188.09 watt
1055,61250.87 millilitre
1056,112.15 gram
1057,433.26 gram
1058,441.29 gram
1059,79.37 gram
1060,129.01 gram
1061,419.52 watt
1062,290.15 gram
1063,226.23 gram
1064,288.11 gram
1065,266.47 gram
1066,219.11 gram
1067,170.4 fluid ounce
1068,103.89 millilitre
1069,124.8 watt
1070,341.19 gram
1071,356.67 millilitre
1072,297.2 watt
1073,52894.68 watt
1074,321.27 gram
1075,52807.39 volt
1076,131.18 gram
1077,52948.78 watt
1078,120.55 volt
1079,121.99 gram
1080,169.7 gram
1081,566.7 watt
1082,29471484339.93 volt
1083,4210212500.69 gram
1084,188.84 watt
1085,826.27 gram
1086,299.92 volt
1087,209.09 gram
1088,61458.6 millilitre
1089,309.1 gram
1090,223.52 volt
1091,455.13 gram
1092,175.77 gram
1093,418.21 gram
1094,60912.53 millilitre
1095,60994.4 watt
1096,60913.46 millilitre
1097,1694.47 watt
1098,864.92 watt
1099,896.89 volt
1100,440.33 gram
1101,61740.57 gram
1102,61005.46 watt
1103,555.46 watt
1104,608.79 gram
1105,258.49 volt
1106,250.45 watt
1107,215.55 gram
1108,287.98 gram
1109,61611.7 watt
1110,30626.73 kilogram
1111,61474.59 watt
1112,152.49 watt
1113,285.85 kilogram
1114,61209.33 watt
1115,89.5 gram
1116,191.44 watt
1117,121.06 volt
1118,276.84 gram
1119,200.37 watt
1120,182.28 gram
1121,337.58 gram
1122,8420424624.9 gram
1123,122.22 gram
1124,174.79 watt
1125,137.74 watt
1126,89.67 gram
1127,235.64 gram
1128,496.31 gram
1129,315.28 pound
1130,383.31 millilitre
1131,421.23 millilitre
1132,361.87 watt
1133,334.37 gram
1134,414.66 gram
1135,63.49 gram
1136,314651.98 watt
1137,314617.36 volt
1138,314.78 gram
1139,329.18 watt
1140,198.77 gram
1141,188.28 watt
1142,30914.95 gram
1143,2889.42 gram
1144,124.29 gram
1145,167.9 gram
1146,208.62 millilitre
1147,948231.3 watt
1148,103.88 watt
1149,409 gram
1150,1138.84 gram
1151,198.51 millilitre
1152,220.57 gram
1153,297.24 gram
1154,281.04 gram
1155,733.15 watt
1156,623.96 gram
1157,326.02 watt
1158,617.84 gram
1159,142.68 volt
1160,398.69 gram
1161,630.88 gram
1162,413.21 gram
1163,406.03 volt
1164,260.22 gram
1165,150.07 gram
1166,617.54 gram
1167,61382.36 gram
1168,61378.7 millilitre
1169,104.27 watt
1170,332.87 gram
1171,356.71 watt
1172,135.63 volt
1173,343.44 gram
1174,411.88 millilitre
1175,411.88 millilitre
1176,91.58 gram
1177,499.69 gram
1178,83.28 gram
1179,84.58 watt
1180,30877.75 millilitre
1181,31110.52 millilitre
1182,30962.21 watt
1183,121.54 watt
1184,139.16 gram
1185,184.95 gram
1186,163.94 volt
1187,173.03 watt
1188,81.66 watt
1189,162.15 volt
1190,417.26 watt
1191,1398.84 gram
1192,530.12 volt
1193,74.1 gram
1194,62.84 gram
1195,213.47 gram
1196,746.91 gram
1197,945756.2 gram
1198,1802.44 gram
1199,342.41 volt
1200,206.35 watt
1201,127.27 gram
1202,815.36 gram
1203,594.25 gram
1204,540.49 volt
1205,339.62 watt
1206,222.16 gram
1207,531.92 watt
1208,308.9 gram
1209,490.96 millilitre
1210,233.76 millilitre
1211,304.89 millilitre
1212,339.86 gram
1213,125.13 gram
1214,109.87 gram
1215,976.72 gram
1216,291.7 gram
1217,169.15 gram
1218,173.66 gram
1219,517.05 watt
1220,490.74 millilitre
1221,265.0 watt
1222,175.69 gram
1223,188.81 watt
1224,175.24 gram
1225,134.79 gram
1226,637.45 gram
1227,835.48 gram
1228,224.49 litre
1229,363.74 millilitre
1230,61233.4 millilitre
1231,61150.16 fluid ounce
1232,116.16 gram
1233,202.3 watt
1234,942.94 gram
1235,120.37 gram
1236,91.94 gram
1237,203.4 gram
1238,61427.6 gram
1239,337.82 volt
1240,235.15 gram
1241,385.3 gram
1242,163.92 watt
1243,519.95 gram
1244,122.46 watt
1245,122.33 volt
1246,403.94 gram
1247,523.44 millilitre
1248,267.56 watt
1249,650.84 gram
1250,293.32 watt
1251,154.48 gram
1252,325.76 gram
1253,78.81 gram
1254,595.42 watt
1255,277.38 millilitre
1256,292.91 watt
1257,331.29 volt
1258,348.61 watt
1259,277.62 gram
1260,208.19 gram
1261,240.2 millilitre
1262,61145.96 gram
1263,61112.29 millilitre
1264,241.22 gram
1265,601.77 fluid ounce
1266,225.93 gram
1267,311.05 gram
1268,392.21 gram
1269,640803699.63 gram
1270,61217.27 gram
1271,359.71 gram
1272,107.95 gram
1273,253.88 gram
1274,169.4 gram
1275,119.87 gram
1276,147.73 millilitre
1277,260.82 gram
1278,128.73 watt
1279,107.02 volt
1280,30643.76 gram
1281,262.62 watt
1282,239.69 gram
1283,283.37 gram
1284,295.43 gram
1285,181.02 volt
1286,497.77 pound
1287,360.5 gram
1288,382.75 watt
1289,78.57 gram
1290,92.19 volt
1291,111.66 gram
1292,266.53 gram
1293,399.41 gram
1294,399.31 gram
1295,467.25 volt
1296,223.07 gram
1297,302.32 gram
1298,30909.95 millilitre
1299,60997.55 gram
1300,429.9 gram
1301,298.75 volt
1302,165.99 gram
1303,600.04 gram
1304,247.02 watt
1305,146.23 gram
1306,255.66 watt
1307,623.59 gram
1308,281.8 millilitre
1309,282.84 gram
1310,17757.16 watt
1311,483.01 gram
1312,60990.75 gram
1313,353.02 watt
1314,500.08 gram
1315,567.35 gram
1316,225.25 gram
1317,571.06 gram
1318,491.14 watt
1319,375.46 volt
1320,858.85 gram
1321,178.41 gram
1322,267.7 gram
1323,822.94 gram
1324,233.65 gram
1325,171.55 gram
1326,240.91 millilitre
1327,231.69 gram
1328,194.42 millilitre
1329,77.8 gram
1330,774.08 millilitre
1331,301.43 millilitre
1332,281.38 millilitre
1333,755.14 gram
1334,756.87 gram
1335,418.84 volt
1336,429.24 watt
1337,154.64 gram
1338,108.31 volt
1339,114.43 watt
1340,191.73 gram
1341,99.84 gram
1342,143.14 watt
1343,216.99 millilitre
1344,450.44 millilitre
1345,453.74 millilitre
1346,127.45 watt
1347,238.41 watt
1348,135.42 volt
1349,61724.66 gram
1350,88.69 gram
1351,530.03 watt
1352,611.35 fluid ounce
1353,1732.53 gram
1354,974.63 gram
1355,409.37 gram
1356,378.3 gram
1357,242.43 gram
1358,353.07 watt
1359,453.24 gram
1360,1577198.41 watt
1361,579.67 gram
1362,1959.77 watt
1363,230.14 gram
1364,178.49 gram
1365,629277.11 watt
1366,314598.77 gram
1367,61255.59 millilitre
1368,474.33 gram
1369,112.84 gram
1370,187.27 millilitre
1371,1178.58 millilitre
1372,204.71 fluid ounce
1373,761.05 gram
1374,91848.2 watt
1375,213.2 watt
1376,880.54 volt
1377,54021982.12 gram
1378,315171.35 gram
1379,830.36 gram
1380,396.59 watt
1381,61502.29 gram
1382,61417.88 kilogram
1383,30917.94 watt
1384,720.44 watt
1385,424.68 millilitre
1386,573.63 gram
1387,291.21 gram
1388,516.8 gram
1389,2352.8 gram
1390,241887.19 gram
1391,80.56 gram
1392,556956.75 watt
1393,210.94 volt
1394,241774.32 volt
1395,293.65 gram
1396,157.44 millilitre
1397,60999.71 gram
1398,443.42 volt
1399,205.76 watt
1400,147.12 gram
1401,264.97 gram
1402,189.6 watt
1403,174.18 gram
1404,666.54 gram
1405,253.69 gram
1406,314641.34 gram
1407,61392.36 gram
1408,335.19 gram
1409,237.57 volt
1410,61443.91 gram
1411,149.12 gram
1412,234.22 gram
1413,113.41 watt
1414,703.29 gram
1415,485.19 gram
1416,191.02 gram
1417,592.73 gram
1418,129.75 gram
1419,168.7 watt
1420,550.99 gram
1421,512.06 gram
1422,216.73 gram
1423,109.6 millilitre
1424,170.05 gram
1425,234.01 millilitre
1426,681.0 gram
1427,185.01 gram
1428,220.06 watt
1429,249.42 watt
1430,329.05 gram
1431,314610.87 gram
1432,213.56 gram
1433,282.26 gram
1434,47.91 gram
1435,1409.46 gram
1436,172.97 gram
1437,1416.24 gram
1438,639.94 gram
1439,1926.27 volt
1440,872.16 gram
1441,150.53 gram
1442,332.39 gram
1443,126.64 watt
1444,170.81 gram
1445,222.62 watt
1446,267.15 gram
1447,61199.83 millilitre
1448,101179629.42 watt
1449,405.02 millilitre
1450,216.82 gram
1451,222.21 gram
1452,219.68 gram
1453,122.54 volt
1454,813.3 gram
1455,112.18 gram
1456,151.1 volt
1457,61889.36 watt
1458,61314.08 millilitre
1459,151.1 volt
1460,208.09 millilitre
1461,321.17 watt
1462,360.02 millilitre
1463,717.14 volt
1464,603.13 millilitre
1465,114.77 gram
1466,463.98 gram
1467,138.29 watt
1468,1643.17 volt
1469,454.51 volt
1470,471.9 gram
1471,149.82 watt
1472,131.96 gram
1473,31189.1 gram
1474,134.23 gram
1475,102.99 gram
1476,33726834.72 watt
1477,264.78 volt
1478,4377864.13 gram
1479,4377882.17 gram
1480,1707.66 gram
1481,61001.79 gram
1482,129.31 gram
1483,279.07 watt
1484,209.07 gram
1485,676.02 millilitre
1486,363.02 watt
1487,193.67 gram
1488,405.93 watt
1489,207.93 gram
1490,118.05 watt
1491,17510547.14 volt
1492,356.11 gram
1493,445.64 gram
1494,21888187.8 gram
1495,307.08 gram
1496,293.7 gram
1497,275.91 gram
1498,383.17 watt
1499,296.4 gram
1500,282.22 volt
1501,243.25 watt
1502,294.52 gram
1503,30661.46 watt
1504,831.36 volt
1505,887.32 millilitre
1506,292.17 gram
1507,1846.58 gram
1508,30687.1 watt
1509,314.23 gram
1510,541.63 volt
1511,500.96 gram
1512,158.69 watt
1513,230.8 gram
1514,1876.62 gram
1515,183.74 gram
1516,370.23 gram
1517,30671.48 watt
1518,475712.61 gram
1519,61039.98 millilitre
1520,368.65 gram
1521,662.63 millilitre
1522,192.69 volt
1523,235.18 gram
1524,499.69 gram
1525,306.13 watt
1526,2206538.49 volt
1527,30502.62 watt
1528,30496.28 volt
1529,206.5 gram
1530,855.19 gram
1531,269.44 watt
1532,145.51 gram
1533,234.78 millilitre
1534,236.3 millilitre
1535,250.79 watt
1536,328.64 watt
1537,335.01 volt
1538,167.75 millilitre
1539,218.39 watt
1540,306.12 volt
1541,382.28 gram
1542,235.06 volt
1543,300.13 gram
1544,265.03 gram
1545,236.22 gram
1546,205.13 gram
1547,131.23 gram
1548,147.99 gram
1549,249.17 millilitre
1550,142.94 watt
1551,159.23 gram
1552,240.25 volt
1553,30644.56 gram
1554,114.88 gram
1555,130.65 gram
1556,60.07 watt
1557,1729.71 gram
1558,69.24 gram
1559,175.43 gram
1560,257.76 gram
1561,650.47 watt
1562,30951.78 watt
1563,61096.41 gram
1564,691.12 gram
1565,419.1 volt
1566,130.31 watt
1567,69.38 watt
1568,505.02 volt
1569,302.97 gram
1570,8424803076.4 gram
1571,365.86 millilitre
1572,314935.15 gram
1573,236.43 volt
1574,417.09 millilitre
1575,192.62 gram
1576,227.52 gram
1577,255.38 millilitre
1578,1670.7 gram
1579,425.72 watt
1580,94.57 volt
1581,567.0 gram
1582,125.9 volt
1583,165.09 watt
1584,175.22 gram
1585,4652.69 gram
1586,371.86 watt
1587,362.98 gram
1588,341.05 gram
1589,432.8 watt
1590,285.18 gram
1591,301.79 millilitre
1592,151.94 gram
1593,268.91 millilitre
1594,197.24 gram
1595,296.89 gram
1596,1102.28 watt
1597,105.3 gram
1598,119.95 volt
1599,102.9 watt
1600,134906162.05 volt
1601,815.72 volt
1602,593.2 gram
1603,425.61 gram
1604,169.93 volt
1605,418.08 millilitre
1606,418.08 millilitre
1607,271.33 gram
1608,80.28 gram
1609,90.02 volt
1610,114.96 watt
1611,114.48 watt
1612,112.02 volt
1613,316884.17 watt
1614,171.51 millilitre
1615,61013.67 gram
1616,199.55 watt
1617,563.24 volt
1618,257.18 gram
1619,221.72 gram
1620,156.05 gram
1621,156.19 watt
1622,507.25 volt
1623,107.04 gram
1624,260.8 watt
1625,632.23 millilitre
1626,311.81 gram
1627,237.12 gram
1628,237.1 gram
1629,421.03 watt
1630,400.47 volt
1631,411.35 gram
1632,61176.82 fluid ounce
1633,388.77 gram
1634,178.18 gram
1635,314603.97 gram
1636,145.19 gram
1637,182951.66 watt
1638,354.5 gram
1639,404.36 gram
1640,18007585.33 gram
1641,1923.28 watt
1642,109.72 gram
1643,62.89 watt
1644,334.67 gram
1645,88.0 millilitre
1646,236.65 gram
1647,357.06 gram
1648,262.7 watt
1649,66.92 gram
1650,463.02 volt
1651,61310.22 watt
1652,131.64 watt
1653,767.78 gram
1654,131.67 gram
1655,190.12 gram
1656,1242.08 gram
1657,337.17 gram
1658,67.1 watt
1659,412.86 gram
1660,124.57 gram
1661,296.43 watt
1662,232.0 gram
1663,172.02 volt
1664,229.16 gram
1665,191.5 gram
1666,186.4 gram
1667,215.46 volt
1668,220.16 watt
1669,226.22 gram
1670,306.78 watt
1671,314621.8 gram
1672,214.94 watt
1673,179.78 gram
1674,170.91 watt
1675,81.58 gram
1676,61009.62 millilitre
1677,543.2 watt
1678,229.95 gram
1679,184.71 gram
1680,128.82 volt
1681,665.28 gram
1682,189.01 millilitre
1683,61076.05 millilitre
1684,2143.11 gram
1685,71.28 gram
1686,235.37 gram
1687,33787492.39 kilogram
1688,61241.05 gram
1689,165.21 gram
1690,568.79 gram
1691,61237.01 gram
1692,61062.43 watt
1693,80.97 gram
1694,78.83 gram
1695,255.92 gram
1696,138.65 millilitre
1697,33726662.43 gram
1698,240.8 gram
1699,336.71 watt
1700,305.64 watt
1701,116.74 gram
1702,140.57 gram
1703,100.38 gram
1704,1489.88 gram
1705,312.24 gram
1706,2269.24 gram
1707,196.18 millilitre
1708,2050.62 watt
1709,371.04 gram
1710,99.57 gram
1711,394.38 gram
1712,2019659580522.1 gram
1713,1110.58 gram
1714,211.39 millilitre
1715,322.24 millilitre
1716,194.88 watt
1717,138.71 gram
1718,268.85 watt
1719,275.99 gram
1720,707.84 gram
1721,197.4 gram
1722,377.63 gram
1723,61040.68 millilitre
1724,3366099307440.83 gram
1725,117.18 gram
1726,402.82 gram
1727,118.03 watt
1728,346.74 gram
1729,146.44 watt
1730,196.28 gram
1731,411.06 gram
1732,94.39 watt
1733,77.91 millilitre
1734,141.66 millilitre
1735,314620.99 gram
1736,314556.86 gram
1737,489.54 gram
1738,359.52 gram
1739,185.51 watt
1740,1013.02 watt
1741,151.53 gram
1742,227.88 watt
1743,490.95 gram
1744,164.49 gram
1745,464.63 watt
1746,400.45 volt
1747,69.39 gram
1748,168.47 watt
1749,1146814290763.31 gram
1750,228.85 watt
1751,221.46 volt
1752,392.67 gram
1753,393.92 gram
1754,199.43 millilitre
1755,295.17 watt
1756,62.46 watt
1757,315.02 gram
1758,207.94 volt
1759,115.04 gram
1760,570.84 millilitre
1761,103.31 watt
1762,261.92 gram
1763,259.31 volt
1764,271.04 gram
1765,227.24 millilitre
1766,227.24 millilitre
1767,219.85 millilitre
1768,208.76 millilitre
1769,2556.44 millilitre
1770,221.29 gram
1771,2681.49 volt
1772,219.93 millilitre
1773,8420424324.46 gram
1774,78.74 gram
1775,380.09 gram
1776,453.28 gram
1777,78.02 gram
1778,327.63 volt
1779,152.28 millilitre
1780,67.21 gram
1781,2244581360996.83 volt
1782,492.29 gram
1783,2084254121064.07 watt
1784,2084254121048.2 gram
1785,204.38 watt
1786,291.03 volt
1787,238.27 watt
1788,446.22 gram
1789,413.86 gram
1790,237.14 millilitre
1791,122.59 millilitre
1792,767.73 millilitre
1793,126.46 watt
1794,524.83 watt
1795,369.69 gram
1796,210.45 gram
1797,119.36 volt
1798,1397.92 watt
1799,410.59 gram
1800,917.64 watt
1801,917.97 millilitre
1802,86.86 gram
1803,932.34 gram
1804,126.8 gram
1805,257.11 gram
1806,181.72 gram
1807,275.85 gram
1808,234.78 volt
1809,203.4 watt
1810,2183.58 gram
1811,223.5 millilitre
1812,370.72 gram
1813,314718.9 gram
1814,2341.68 millilitre
1815,321.84 gram
1816,494.24 gram
1817,160.13 gram
1818,414.7 gram
1819,332.19 watt
1820,340.66 millilitre
1821,311.83 gram
1822,606.49 gram
1823,426.61 gram
1824,171.58 gram
1825,237.06 watt
1826,574.04 gram
1827,199.02 gram
1828,209.49 watt
1829,366.09 gram
1830,280.1 gram
1831,184.35 watt
1832,161.13 millilitre
1833,60966.49 millilitre
1834,61496.37 watt
1835,1500.56 gram
1836,86.07 watt
1837,165.56 gram
1838,654.94 gram
1839,652.06 gram
1840,144.23 gram
1841,156.7 millilitre
1842,164.83 gram
1843,412.19 gram
1844,1361.27 gram
1845,353.9 watt
1846,1361.27 gram
1847,272.98 gram
1848,1679.0 gram
1849,311.57 volt
1850,12630636251.27 watt
1851,8420424233.2 gram
1852,356.45 gram
1853,12630636568.46 gram
1854,90.19 gram
1855,235.34 volt
1856,172.22 watt
1857,67.35 volt
1858,2231.23 gram
1859,87.17 gram
1860,312.13 volt
1861,281.1 millilitre
1862,334.67 volt
1863,288.23 gram
1864,862.96 gram
1865,137.43 volt
1866,87.28 watt
1867,206.34 gram
1868,137.62 volt
1869,113.18 watt
1870,420.88 gram
1871,867.92 gram
1872,657.28 gram
1873,355.24 watt
1874,210.03 gram
1875,280.2 watt
1876,180.8 gram
1877,154.85 watt
1878,574.91 gram
1879,365.74 watt
1880,352.83 millilitre
1881,221.93 watt
1882,198.51 millilitre
1883,199.09 gram
1884,126.06 gram
1885,30669.21 watt
1886,279.26 gram
1887,96.23 gram
1888,237.19 gram
1889,508.25 millilitre
1890,126.18 watt
1891,587.43 gram
1892,184.97 gram
1893,651.35 gram
1894,326.24 gram
1895,298.36 gram
1896,375.86 volt
1897,3366099391215.7 watt
1898,507.13 gram
1899,270.35 millilitre
1900,327.2 watt
1901,241.13 gram
1902,216.62 millilitre
1903,203.22 millilitre
1904,640.92 watt
1905,228.13 gram
1906,31062.16 gram
1907,216.13 watt
1908,429.48 volt
1909,171.68 gram
1910,243.83 gram
1911,162.94 watt
1912,191.21 volt
1913,193.64 watt
1914,233.68 gram
1915,1385.59 gram
1916,462.83 volt
1917,481.18 watt
1918,530.41 gram
1919,883.08 gram
1920,526.6 gram
1921,436.54 watt
1922,650.04 gram
1923,93.61 gram
1924,83.0 watt
1925,69.72 volt
1926,155.31 gram
1927,426.99 gram
1928,597.35 gram
1929,417.51 gram
1930,630.53 gram
1931,330.45 gram
1932,329.79 gram
1933,440.09 gram
1934,725.56 gram
1935,102.35 millilitre
1936,134.9 watt
1937,87.31 gram
1938,438.95 gram
1939,198.17 gram
1940,2468472820400.68 gram
1941,259.86 gram
1942,282.12 watt
1943,268.87 gram
1944,298.67 watt
1945,788.89 gram
1946,424.51 millilitre
1947,61112.66 gram
1948,340.57 gram
1949,368.36 volt
1950,335.35 watt
1951,36014710.82 volt
1952,156.76 gram
1953,36014959.71 gram
1954,643.02 watt
1955,36014994.97 gram
1956,324.07 gram
1957,98.55 gram
1958,466.72 gram
1959,62.59 gram
1960,173.62 gram
1961,61290.86 gram
1962,61255.42 kilogram
1963,282.16 gram
1964,57.68 volt
1965,305.35 volt
1966,146.1 gram
1967,198.4 millilitre
1968,565.42 gram
1969,223.24 gram
1970,624.21 gram
1971,332.74 gram
1972,1321.16 gram
1973,139.82 gram
1974,306.49 millilitre
1975,1122.6 millilitre
1976,142.12 gram
1977,179.57 gram
1978,180.02 gram
1979,197.45 watt
1980,109.73 millilitre
1981,263.32 millilitre
1982,98.76 gram
1983,263.08 kilogram
1984,919.78 gram
1985,195.13 gram
1986,201.59 gram
1987,1504.75 gram
1988,1687.0 watt
1989,505.9 volt
1990,6730.13 watt
1991,369.3 volt
1992,9478.15 watt
1993,30793.58 gram
1994,30778.91 watt
1995,61265.5 millilitre
1996,61356.63 millilitre
1997,30877.19 watt
1998,531.56 gram
1999,160.6 millilitre
2000,259.88 gram
2001,810.87 gram
2002,322.31 watt
2003,1737.16 volt
2004,168.45 gram
2005,1921.71 gram
2006,4210212380.38 watt
2007,295.37 gram
2008,215.62 watt
2009,789.93 volt
2010,116.1 watt
2011,189.09 gram
2012,296.63 gram
2013,314670.0 gram
2014,61023.9 millilitre
2015,60980.78 millilitre
2016,170.14 gram
2017,306.48 watt
2018,76.99 gram
2019,133.48 gram
2020,210649.9 gram
2021,93.65 watt
2022,394.04 gram
2023,3053.75 gram
2024,368.7 gram
2025,292.69 gram
2026,3050.97 volt
2027,3042.67 watt
2028,285.07 volt
2029,203.53 gram
2030,199.43 watt
2031,655.56 millilitre
2032,257.88 gram
2033,585.18 gram
2034,305.76 millilitre
2035,244.16 watt
2036,651.7 millilitre
2037,1656.6 millilitre
2038,1651.84 millilitre
2039,284.13 watt
2040,530.31 gram
2041,431.6 gram
2042,127.66 gram
2043,135.72 millilitre
2044,102.47 gram
2045,84.9 gram
2046,102.08 gram
2047,631.16 gram
2048,3054.91 watt
2049,582.07 millilitre
2050,642.84 gram
2051,133.83 millilitre
2052,327.71 gram
2053,733.51 volt
2054,292.64 watt
2055,6674.79 gram
2056,239.46 volt
2057,248.44 watt
2058,850.03 gram
2059,338.23 millilitre
2060,295.16 gram
2061,332.33 volt
2062,61065.56 kilogram
2063,405.09 gram
2064,502.82 watt
2065,1411.82 gram
2066,237.4 volt
2067,205.34 watt
2068,253.53 gram
2069,274.43 gram
2070,439.99 gram
2071,136.49 gram
2072,399.99 gram
2073,222.98 gram
2074,274.76 watt
2075,198.99 millilitre
2076,285.21 volt
2077,2246.27 gram
2078,99.2 gram
2079,269.05 volt
2080,148.65 watt
2081,122.2 gram
2082,316.83 millilitre
2083,135.61 millilitre
2084,127.67 watt
2085,122.23 gram
2086,314541.33 gram
2087,626.04 millilitre
2088,31113.62 watt
2089,454.96 millilitre
2090,251.01 gram
2091,4019.4 volt
2092,326.15 volt
2093,242.01 watt
2094,266.02 volt
2095,133.11 gram
2096,458.38 gram
2097,68.14 gram
2098,151.25 watt
2099,282.19 gram
2100,238.93 volt
2101,270.4 millilitre
2102,61000.61 millilitre
2103,60997.06 millilitre
2104,244.92 gram
2105,232.02 gram
2106,61492.47 millilitre
2107,2063.39 watt
2108,222.38 gram
2109,91906.68 millilitre
2110,152.4 watt
2111,252.87 gram
2112,440.63 gram
2113,121.91 gram
2114,233.56 gram
2115,75.38 millilitre
2116,189.88 volt
2117,224406620329.7 gram
2118,162.11 gram
2119,1346439720323.81 watt
2120,526.8 gram
2121,268.38 watt
2122,170.64 gram
2123,310.06 watt
2124,496.42 gram
2125,61194.24 gram
2126,219.88 watt
2127,117.4 gram
2128,231.41 volt
2129,278.56 millilitre
2130,208.99 gram
2131,235.2 gram
2132,424.44 gram
2133,258.16 millilitre
2134,312.09 millilitre
2135,228.36 watt
2136,293.85 watt
2137,268.61 volt
2138,168.15 gram
2139,352.3 gram
2140,234.34 millilitre
2141,237.19 watt
2142,160.43 gram
2143,307.16 gram
2144,388.69 watt
2145,119.16 millilitre
2146,434.01 gram
2147,199.5 gram
2148,1061.88 watt
2149,61012.52 gram
2150,458.35 gram
2151,61710.15 gram
2152,39.07 gram
2153,449.64 watt
2154,224.08 gram
2155,184.22 watt
2156,1348.38 gram
2157,211.35 gram
2158,487.21 volt
2159,220.51 millilitre
2160,346.92 gram
2161,361.29 volt
2162,311.68 gram
2163,89.92 gram
2164,251.52 gram
2165,381.28 watt
2166,60990.65 gram
2167,197.26 gram
2168,82.03 volt
2169,119.54 gram
2170,83.87 watt
2171,167.06 gram
2172,142.13 gram
2173,487.21 gram
2174,365.78 volt
2175,139.9 gram
2176,129.56 gram
2177,198.13 gram
2178,157.78 gram
2179,133.09 gram
2180,91908.61 gram
2181,421.77 watt
2182,193.4 millilitre
2183,274.07 watt
2184,486.13 volt
2185,170.88 watt
2186,745.16 gram
2187,212.76 gram
2188,314666.98 gram
2189,401.8 gram
2190,181373.93 volt
2191,192.16 gram
2192,158.97 watt
2193,385.4 volt
2194,108.67 gram
2195,91926.73 fluid ounce
2196,192.02 watt
2197,258.4 gram
2198,122.44 watt
2199,147.74 volt
2200,156.73 watt
2201,155.77 gram
2202,59.37 gram
2203,440.08 gram
2204,709.66 gram
2205,284.8 gram
2206,490.53 watt
2207,440.08 gram
2208,117.23 watt
2209,175.14 gram
2210,126.51 watt
2211,143.63 gram
2212,131.11 gram
2213,62315.15 gram
2214,204.44 gram
2215,161.18 watt
2216,186.8 volt
2217,375.34 gram
2218,405.9 gram
2219,148.36 gram
2220,300.54 watt
2221,155.27 gram
2222,117.83 volt
2223,288.26 gram
2224,302.26 gram
2225,288.51 watt
2226,427.4 volt
2227,130.67 watt
2228,249.72 gram
2229,298.36 gram
2230,2934.95 gram
2231,210.37 volt
2232,317.53 gram
2233,836.22 volt
2234,865.82 watt
2235,857.55 gram
2236,696.59 gram
2237,212.59 gram
2238,212.04 watt
2239,1284.62 volt
2240,184.35 gram
2241,277.25 gram
2242,68.98 gram
2243,200.63 gram
2244,83.4 watt
2245,257.26 millilitre
2246,229.12 millilitre
2247,700.19 gram
2248,101.13 watt
2249,128.96 gram
2250,703.69 gram
2251,862.56 gram
2252,264.6 gram
2253,547.26 volt
2254,301.7 gram
2255,319.7 gram
2256,402.18 gram
2257,249.23 watt
2258,189.59 volt
2259,392.57 millilitre
2260,126.47 gram
2261,346.84 gram
2262,261.43 gram
2263,239.27 millilitre
2264,263.87 millilitre
2265,374.02 volt
2266,104.89 watt
2267,221.67 gram
2268,102.51 gram
2269,111.62 watt
2270,33726814.63 gram
2271,136.64 gram
2272,619.98 gram
2273,61192.57 watt
2274,456491.38 fluid ounce
2275,245.34 watt
2276,30682.76 gram
2277,308.73 volt
2278,340.15 gram
2279,375.2 gram
2280,330.1 millilitre
2281,267.29 gram
2282,155.82 gram
2283,178.9 watt
2284,35255.12 millilitre
2285,1213.73 pound
2286,262.46 gram
2287,182.18 gram
2288,62.59 watt
2289,270.09 gram
2290,260.35 watt
2291,352.69 gram
2292,60954.32 gram
2293,30674.31 millilitre
2294,33726773.55 gram
2295,210.02 gram
2296,391.1 watt
2297,215.13 gram
2298,126.99 gram
2299,166.05 gram
2300,163.96 gram
2301,244.69 gram
2302,328.28 gram
2303,117.21 watt
2304,239.16 gram
2305,266.81 gram
2306,486652.07 gram
2307,3330.28 volt
2308,289.83 gram
2309,61208.26 gram
2310,4210212375.44 gram
2311,145.14 gram
2312,265.56 watt
2313,806.57 gram
2314,1354.61 millilitre
2315,587.37 millilitre
2316,731.37 watt
2317,162.43 gram
2318,552.25 millilitre
2319,682.88 gram
2320,334.38 watt
2321,319.92 gram
2322,78.51 gram
2323,230.82 millilitre
2324,162.97 watt
2325,46978118.51 watt
2326,203.04 millilitre
2327,144.49 watt
2328,125.07 gram
2329,926.61 gram
2330,1721.93 watt
2331,201.66 watt
2332,286.9 volt
2333,134.22 volt
2334,449.74 volt
2335,62904.02 gram
2336,61215.04 gram
2337,745.39 millilitre
2338,295.44 millilitre
2339,225.15 millilitre
2340,226.51 millilitre
2341,156.55 gram
2342,178.17 gram
2343,107.31 watt
2344,387.87 gram
2345,405.19 gram
2346,770.49 gram
2347,1297.61 gram
2348,176.44 volt
2349,395.9 gram
2350,111.3 gram
2351,499.27 gram
2352,587.41 watt
2353,363.8 gram
2354,5649.68 gram
2355,1146.75 volt
2356,120.6 volt
2357,119.72 watt
2358,94.26 watt
2359,118.22 gram
2360,188.91 gram
2361,326.67 volt
2362,493.84 watt
2363,141.19 millilitre
2364,61370.39 watt
2365,61380.99 gram
2366,61311.72 watt
2367,61112.4 millilitre
2368,187.08 gram
2369,72.48 volt
2370,1063.46 gram
2371,160.4 gram
2372,475.13 millilitre
2373,175.83 watt
2374,621.95 volt
2375,1679.61 gram
2376,314978.56 watt
2377,260.43 volt
2378,202.38 gram
2379,76.21 volt
2380,208.63 watt
2381,74.39 gram
2382,78.69 gram
2383,662.54 watt
2384,207.86 gram
2385,847.73 gram
2386,364.03 gram
2387,179.3 volt
2388,162.04 gram
2389,114.06 watt
2390,583.48 gram
2391,65.45 watt
2392,77.16 gram
2393,100.78 watt
2394,227.14 watt
2395,1781.31 gram
2396,254.42 volt
2397,1793.29 watt
2398,257.26 gram
2399,61203.17 gram
2400,79.11 gram
2401,315.25 gram
2402,210.88 millilitre
2403,237.29 watt
2404,334.15 gram
2405,61136.76 gram
2406,385.65 gram
2407,204.05 watt
2408,150.65 volt
2409,523.41 gram
2410,362.87 gram
2411,4377840.43 gram
2412,179.82 watt
2413,4377827.43 volt
2414,1725.53 volt
2415,197.49 watt
2416,132.12 volt
2417,86.52 watt
2418,99.21 gram
2419,431.93 gram
2420,401.6 watt
2421,100.93 gram
2422,100.55 gram
2423,456695.32 kilogram
2424,115.45 gram
2425,489.9 watt
2426,513.26 gram
2427,204.86 gram
2428,61061.34 gram
2429,287.98 pound
2430,262.89 watt
2431,469.5 gram
2432,232.82 volt
2433,395.4 gram
2434,617.62 gram
2435,361.85 watt
2436,518.89 millilitre
2437,378.26 watt
2438,118.01 volt
2439,152.96 gram
2440,121.2 watt
2441,90.45 millilitre
2442,582.12 gram
2443,61151.84 watt
2444,177.32 millilitre
2445,576.83 gram
2446,379.52 gram
2447,222.59 gram
2448,61155.97 gram
2449,61155.75 fluid ounce
2450,186.29 millilitre
2451,145.77 gram
2452,136.34 gram
2453,323.95 gram
2454,789.49 volt
2455,193141.49 watt
2456,192.58 watt
2457,540.03 watt
2458,5073.47 gram
2459,191.59 gram
2460,152.3 gram
2461,183.64 millilitre
2462,200.69 millilitre
2463,152.42 watt
2464,53.58 volt
2465,61171.33 gram
2466,370.52 gram
2467,437.13 gram
2468,192.76 gram
2469,165.53 watt
2470,422.28 gram
2471,125.69 volt
2472,30711.62 watt
2473,667.19 kilogram
2474,483.59 gram
2475,534.25 volt
2476,1915.37 volt
2477,298.16 volt
2478,267.18 volt
2479,391.6 watt
2480,629075.68 gram
2481,336.23 watt
2482,424.32 gram
2483,337.45 gram
2484,13716.0 gram
2485,233.39 millilitre
2486,30836.52 gram
2487,212.79 gram
2488,234.85 gram
2489,170.16 millilitre
2490,6176.5 gram
2491,879.32 gram
2492,589.27 millilitre
2493,66651.73 watt
2494,1455.09 gram
2495,322.28 volt
2496,61343.3 gram
2497,207.78 gram
2498,226.92 gram
2499,61488.55 millilitre
2500,189.92 gram
2501,124.91 watt
2502,327.59 gram
2503,326.61 gram
2504,585.88 watt
2505,141.55 gram
2506,114.23 gram
2507,117.76 gram
2508,489.35 gram
2509,266.96 gram
2510,413.93 gram
2511,353.24 gram
2512,282.27 watt
2513,272.07 volt
2514,183.78 gram
2515,80.73 gram
2516,627.68 watt
2517,3478.22 gram
2518,200.29 gram
2519,1774.13 gram
2520,160.2 gram
2521,897.02 gram
2522,107.88 gram
2523,35316.83 volt
2524,503.81 watt
2525,431.56 watt
2526,181.03 watt
2527,463.93 volt
2528,274.11 millilitre
2529,232.24 gram
2530,317.59 gram
2531,335.27 watt
2532,281.77 gram
2533,1741.19 gram
2534,1028.64 watt
2535,7165.79 gram
2536,210.92 gram
2537,7168.11 gram
2538,114.88 gram
2539,207.6 gram
2540,822.04 gram
2541,8420424581.57 watt
2542,4210212269.88 gram
2543,204.64 volt
2544,8420424581.57 watt
2545,2165.45 millilitre
2546,19852.89 volt
2547,191.85 millilitre
2548,548.83 gram
2549,143583988.68 gram
2550,373.71 gram
2551,410.85 watt
2552,798.16 gram
2553,385.21 gram
2554,406.91 gram
2555,203.29 millilitre
2556,312.41 watt
2557,237.31 volt
2558,1985.16 watt
2559,4210212401.24 gram
2560,167.16 volt
2561,554.3 volt
2562,358.11 watt
2563,462.62 volt
2564,30645.64 watt
2565,685.69 millilitre
2566,58.51 millilitre
2567,387.62 volt
2568,62058.33 watt
2569,61060.2 millilitre
2570,61.28 gram
2571,279.95 gram
2572,785.96 gram
2573,274.31 millilitre
2574,309.25 gram
2575,267.96 millilitre
2576,232.13 gram
2577,129.31 watt
2578,310.85 gram
2579,434.95 watt
2580,479.62 gram
2581,321.95 gram
2582,675.69 watt
2583,113.58 volt
2584,4377824.23 gram
2585,245.77 gram
2586,267.2 gram
2587,312.78 gram
2588,276.73 gram
2589,814.0 gram
2590,81.99 gram
2591,513.91 gram
2592,109.06 watt
2593,607.13 gram
2594,88.74 gram
2595,167.49 volt
2596,610.39 watt
2597,607.13 gram
2598,132.74 volt
2599,186.96 gram
2600,802.58 watt
2601,495.0 gram
2602,193.8 millilitre
2603,227.74 gram
2604,286.17 gram
2605,401.64 gram
2606,123.58 watt
2607,344.45 gram
2608,293.92 watt
2609,558.13 gram
2610,187.9 gram
2611,61150.66 gram
2612,224.43 gram
2613,142.03 watt
2614,104.72 gram
2615,171.98 gram
2616,223.95 gram
2617,180.93 gram
2618,615.75 gram
2619,580.11 gram
2620,134.68 watt
2621,74.77 millilitre
2622,209.22 gram
2623,512.55 gram
2624,525.4 gram
2625,101.48 watt
2626,475.49 watt
2627,418.26 gram
2628,420.73 gram
2629,621.78 watt
2630,96.3 watt
2631,87.79 gram
2632,647.65 gram
2633,314.6 watt
2634,453.33 volt
2635,2259.79 watt
2636,392.04 gram
2637,1385.77 fluid ounce
2638,61655.89 gram
2639,61082.06 gram
2640,85.01 volt
2641,444.05 millilitre
2642,240.6 gram
2643,192.52 gram
2644,61297.71 watt
2645,182873.83 gram
2646,196.63 gram
2647,104.45 volt
2648,157.6 gram
2649,343.76 gram
2650,136.08 gram
2651,214.27 watt
2652,86.65 volt
2653,157.76 watt
2654,80.22 gram
2655,103.76 gram
2656,75.64 gram
2657,92.12 gram
2658,203.27 gram
2659,137.91 watt
2660,2404942327893.18 kilogram
2661,89.22 watt
2662,269.81 watt
2663,141.47 gram
2664,98.25 millilitre
2665,109.48 gram
2666,371.66 gram
2667,359.67 gram
2668,408.12 gram
2669,158.51 gram
2670,290.21 gram
2671,102.33 gram
2672,449.23 watt
2673,308.08 watt
2674,173.25 watt
2675,786.84 volt
2676,354.76 gram
2677,168.78 millilitre
2678,881.91 gram
2679,190.5 gram
2680,240.9 millilitre
2681,1471.56 volt
2682,4378521.36 watt
2683,14445.36 gram
2684,110.06 watt
2685,142.46 volt
2686,4378521.36 watt
2687,909.24 watt
2688,977.57 gram
2689,116.29 gram
2690,131.28 gram
2691,5145.93 watt
2692,425.23 gram
2693,8759158.56 gram
2694,294.34 millilitre
2695,294.0 gram
2696,1772.97 gram
2697,237.16 watt
2698,278.41 gram
2699,185.83 gram
2700,240.78 gram
2701,171.11 gram
2702,273.46 gram
2703,61215.55 watt
2704,513.68 gram
2705,724.73 watt
2706,275.62 gram
2707,181.43 gram
2708,115.89 volt
2709,741.76 millilitre
2710,121.46 watt
2711,245.07 gram
2712,297.86 gram
2713,1004.8 gram
2714,179.78 watt
2715,53.86 gram
2716,64.23 gram
2717,175.8 gram
2718,245.49 gram
2719,137.81 millilitre
2720,122.76 gram
2721,333.88 gram
2722,4378868.25 gram
2723,2468472820432.89 gram
2724,127.79 gram
2725,105.25 millilitre
2726,267.07 gram
2727,140.1 gram
2728,482.47 gram
2729,765.19 volt
2730,595.79 watt
2731,561.59 volt
2732,43.45 watt
2733,354.2 gram
2734,1716.52 watt
2735,208.75 gram
2736,331.34 gram
2737,306.25 gram
2738,230.43 watt
2739,442.87 volt
2740,7223.24 gram
2741,7223.24 gram
2742,424.11 gram
2743,215.63 watt
2744,215.63 watt
2745,843.04 gram
2746,107.0 gram
2747,390.25 gram
2748,548.39 gram
2749,276.14 millilitre
2750,279.84 millilitre
2751,182.2 volt
2752,1768.72 gram
2753,188.28 gram
2754,233.33 gram
2755,395.57 gram
2756,503.78 gram
2757,292.34 gram
2758,575.14 gram
2759,202.48 gram
2760,386.45 watt
2761,545.25 volt
2762,494.67 volt
2763,305.05 millilitre
2764,347.5 watt
2765,321.7 gram
2766,305.89 gram
2767,492.88 watt
2768,615.1 gram
2769,103.77 gram
2770,91.73 gram
2771,79.14 watt
2772,294.02 watt
2773,93.94 watt
2774,368.27 gram
2775,154.44 watt
2776,603.03 gram
2777,414.02 gram
2778,292.96 millilitre
2779,147.01 gram
2780,284.99 gram
2781,305.39 gram
2782,274.67 volt
2783,106.91 volt
2784,217.93 gram
2785,141.68 watt
2786,95.03 gram
2787,671.96 watt
2788,764.08 gram
2789,725.96 gram
2790,1740.17 gram
2791,114.18 gram
2792,524.64 gram
2793,269.58 gram
2794,164.46 gram
2795,228.32 gram
2796,572.71 gram
2797,98.64 volt
2798,566.94 gram
2799,217.42 gram
2800,207.37 watt
2801,117.86 volt
2802,33748.66 gram
2803,165.16 watt
2804,533.5 volt
2805,812.36 gram
2806,1767.41 gram
2807,92126.44 gram
2808,415.05 gram
2809,81.05 watt
2810,319.63 volt
2811,322.68 gram
2812,2862.12 watt
2813,2855.82 volt
2814,289.45 millilitre
2815,450.64 millilitre
2816,176.16 gram
2817,442.09 watt
2818,469.8 gram
2819,125.79 volt
2820,250.35 gram
2821,471.85 gram
2822,132.8 millilitre
2823,215.49 millilitre
2824,582.29 gram
2825,346.01 gram
2826,88.79 watt
2827,61348.63 gram
2828,1120.74 pound
2829,126.17 gram
2830,194.84 gram
2831,331.97 gram
2832,143.97 gram
2833,315138.22 volt
2834,439.82 gram
2835,374.95 gram
2836,109.81 watt
2837,110.18 gram
2838,539.83 gram
2839,96.04 volt
2840,139.56 watt
2841,131.65 gram
2842,85.46 watt
2843,184.42 gram
2844,191.14 gram
2845,492.54 watt
2846,1018.67 gram
2847,590.59 gram
2848,155.82 gram
2849,61198.09 watt
2850,292.04 watt
2851,232.08 gram
2852,189.02 millilitre
2853,151.28 watt
2854,123.72 watt
2855,142.5 gram
2856,425.96 gram
2857,361.37 volt
2858,410.65 gram
2859,500.7 watt
2860,127.01 gram
2861,646.77 gram
2862,284.38 gram
2863,364.24 gram
2864,158186.47 gram
2865,537.76 gram
2866,61882.96 gram
2867,193.43 gram
2868,315.15 volt
2869,167.25 millilitre
2870,380.03 millilitre
2871,538.13 gram
2872,978.51 watt
2873,134.81 gram
2874,354.38 millilitre
2875,315.16 millilitre
2876,279.66 gram
2877,124.64 volt
2878,233.68 gram
2879,552.33 gram
2880,309.14 watt
2881,1745.08 gram
2882,60998.83 gram
2883,200.34 watt
2884,325.01 gram
2885,165.28 watt
2886,314835.97 watt
2887,141.88 gram
2888,839.56 watt
2889,816.16 volt
2890,573.09 millilitre
2891,61141.88 gram
2892,206.19 millilitre
2893,129.99 watt
2894,339.43 watt
2895,276.4 gram
2896,425972.78 millilitre
2897,31026.65 watt
2898,30760.17 gram
2899,30841.84 gram
2900,241.08 watt
2901,327.56 gram
2902,758.14 watt
2903,197.93 volt
2904,244.11 gram
2905,314583.53 gram
2906,188.91 gram
2907,85.97 gram
2908,86.12 gram
2909,4210244571.44 gram
2910,227.91 watt
2911,614.16 volt
2912,382.08 gram
2913,1074.6 watt
2914,1447.99 gram
2915,1414.45 gram
2916,183.76 watt
2917,1477.77 gram
2918,261.01 gram
2919,113.41 gram
2920,116.67 gram
2921,431.37 millilitre
2922,145.53 gram
2923,79.98 volt
2924,86.44 watt
2925,128.78 gram
2926,61149.68 gram
2927,207.54 watt
2928,8756920.56 gram
2929,33727946.18 watt
2930,241.3 millilitre
2931,230.02 millilitre
2932,61242.68 kilogram
2933,277.57 gram
2934,31116.98 volt
2935,274.2 gram
2936,2049.96 fluid ounce
2937,248.18 fluid ounce
2938,153.3 gram
2939,241.14 gram
2940,379.71 watt
2941,349.37 gram
2942,141.66 gram
2943,259.53 watt
2944,314.51 gram
2945,30808.1 gram
2946,766.1 watt
2947,30791.72 gram
2948,612.2 gram
2949,319.34 gram
2950,235.4 watt
2951,352.79 gram
2952,171.3 gram
2953,766.15 gram
2954,121.33 millilitre
2955,73.77 volt
2956,187.2 gram
2957,432.44 watt
2958,434.4 gram
2959,448.94 gram
2960,8285.85 gram
2961,235.76 watt
2962,149.94 watt
2963,204.38 gram
2964,115.39 gram
2965,374.67 watt
2966,517.67 millilitre
2967,546.47 millilitre
2968,308.24 watt
2969,384.47 gram
2970,167.79 gram
2971,150.35 watt
2972,143.8 gram
2973,105.18 gram
2974,3127675338104.85 gram
2975,110.15 watt
2976,224406620453.66 volt
2977,253.66 millilitre
2978,688.01 gram
2979,287.06 gram
2980,1055.89 gram
2981,1157.27 gram
2982,337.58 millilitre
2983,61198.91 millilitre
2984,61484.53 millilitre
2985,249.72 gram
2986,707.24 fluid ounce
2987,207.84 gram
2988,153.95 gram
2989,278.27 gram
2990,325.21 watt
2991,766.97 volt
2992,114.21 watt
2993,150.82 gram
2994,200.83 gram
2995,389.23 gram
2996,302.82 gram
2997,330.74 gram
2998,179.06 gram
2999,276.73 gram
3000,473.54 millilitre
3001,245.8 gram
3002,1055.35 gram
3003,325.0 gram
3004,32268.21 gram
3005,553.45 volt
3006,445.67 gram
3007,459.51 volt
3008,238.53 gram
3009,1594.2 volt
3010,125.61 watt
3011,33727531.5 gram
3012,221.91 watt
3013,155.82 volt
3014,174.32 gram
3015,171.69 watt
3016,82.3 volt
3017,366.63 millilitre
3018,747.43 volt
3019,149.04 gram
3020,203.77 gram
3021,220.02 watt
3022,1690.24 millilitre
3023,432.01 millilitre
3024,485.55 gram
3025,140.8 gram
3026,224.58 gram
3027,379.5 watt
3028,1676.24 watt
3029,465.72 watt
3030,433.69 volt
3031,199.01 gram
3032,143.33 gram
3033,298.12 watt
3034,173.93 millilitre
3035,153.77 watt
3036,61123.84 gram
3037,279.62 gram
3038,536.49 volt
3039,536.49 watt
3040,141.41 gram
3041,148.23 gram
3042,604.0 volt
3043,30734.97 watt
3044,233.62 gram
3045,359.21 watt
3046,191.47 millilitre
3047,204.27 gram
3048,139.25 millilitre
3049,331.8 millilitre
3050,328.23 millilitre
3051,71.21 millilitre
3052,231.04 gram
3053,33726782.83 millilitre
3054,318.22 gram
3055,223.02 gram
3056,393.34 gram
3057,65.07 volt
3058,149.19 gram
3059,91723.61 gram
3060,4439026.31 gram
3061,486.99 gram
3062,195.47 watt
3063,521279284269.9 gram
3064,92201.58 gram
3065,234.25 millilitre
3066,327.39 watt
3067,281.44 watt
3068,176.31 gram
3069,134.72 watt
3070,364.47 gram
3071,443.23 gram
3072,302.1 millilitre
3073,385.88 gram
3074,716.01 gram
3075,383.32 watt
3076,369.5 millilitre
3077,452.64 millilitre
3078,1019.9 watt
3079,1166.25 gram
3080,467.23 gram
3081,98.26 millilitre
3082,127.28 watt
3083,980.5 gram
3084,137.55 gram
3085,124.96 gram
3086,61074.54 watt
3087,61375.93 millilitre
3088,1307.44 millilitre
3089,1419.32 watt
3090,395.91 gram
3091,522.25 volt
3092,235.93 watt
3093,61034.27 gram
3094,557.43 millilitre
3095,337.92 gram
3096,372.83 watt
3097,150.06 millilitre
3098,267.62 watt
3099,1222.07 volt
3100,160.23 gram
3101,198.42 gram
3102,230.14 millilitre
3103,174.52 gram
3104,249.0 watt
3105,96.43 volt
3106,1084.47 watt
3107,979.66 gram
3108,196.51 gram
3109,538.05 volt
3110,503.36 gram
3111,999.65 gram
3112,363.68 watt
3113,338.42 volt
3114,240.81 gram
3115,283.74 watt
3116,176.64 gram
3117,833.05 gram
3118,204.65 gram
3119,61288.47 gram
3120,3141692680790.88 gram
3121,152.16 watt
3122,151.59 gram
3123,1548.44 gram
3124,56.48 watt
3125,1526.0 gram
3126,419.38 gram
3127,601.24 millilitre
3128,257.5 gram
3129,152.58 millilitre
3130,193.43 millilitre
3131,476.38 watt
3132,169.01 gram
3133,631.27 gram
3134,309.78 gram
3135,270.26 gram
3136,272.25 gram
3137,297.37 gram
3138,882.56 watt
3139,261.73 gram
3140,195.89 millilitre
3141,195.12 millilitre
3142,461.48 gram
3143,64.95 gram
3144,304.56 watt
3145,296.56 volt
3146,231.63 volt
3147,5049.19 gram
3148,360.38 volt
3149,273.91 millilitre
3150,210.3 watt
3151,53.92 gram
3152,396.64 gram
3153,265.08 millilitre
3154,262.51 millilitre
3155,78.0 watt
3156,139.34 gram
3157,122.65 gram
3158,265.72 gram
3159,87.89 gram
3160,314747.59 volt
3161,135.92 gram
3162,176.85 millilitre
3163,30753.27 watt
3164,30785.36 gram
3165,268.32 watt
3166,61121.61 watt
3167,285.02 gram
3168,327.22 gram
3169,283.37 watt
3170,4124.93 gram
3171,175.81 gram
3172,2700.25 watt
3173,354.92 watt
3174,342.26 millilitre
3175,536.22 gram
3176,30760.2 watt
3177,124.18 gram
3178,91664.2 gram
3179,179.51 volt
3180,220.28 gram
3181,258.46 gram
3182,571.21 gram
3183,192.25 volt
3184,118.42 watt
3185,652.13 gram
3186,314.36 gram
3187,161.29 millilitre
3188,615.37 gram
3189,326.36 gram
3190,594.4 gram
3191,77.0 gram
3192,101.02 watt
3193,165.86 gram
3194,128.73 millilitre
3195,570.85 gram
3196,248.47 gram
3197,656.9 watt
3198,994.45 watt
3199,180.28 gram
3200,93711.1 millilitre
3201,303.72 gram
3202,6799.43 gram
3203,165.68 millilitre
3204,265.65 gram
3205,531.34 volt
3206,769.25 gram
3207,431.56 watt
3208,181.42 gram
3209,220.37 gram
3210,314549.3 gram
3211,348.14 watt
3212,10082.22 watt
3213,144.51 millilitre
3214,278.02 millilitre
3215,359.84 gram
3216,61007.02 millilitre
3217,1179.56 gram
3218,212.68 volt
3219,227.13 gram
3220,314611.04 gram
3221,337.23 gram
3222,271.7 gram
3223,353.97 watt
3224,254.33 gram
3225,142.9 gram
3226,138.78 gram
3227,392.37 watt
3228,124.9 gram
3229,256.73 gram
3230,276.35 watt
3231,119.18 gram
3232,61110.79 millilitre
3233,92.02 gram
3234,88.18 gram
3235,673.43 gram
3236,229.98 millilitre
3237,261.0 watt
3238,717.31 gram
3239,13133204.34 watt
3240,13133204.34 volt
3241,484.42 gram
3242,2774.77 millilitre
3243,489.64 gram
3244,379.23 gram
3245,143583934.81 gram
3246,313.95 gram
3247,148.44 gram
3248,295.35 gram
3249,290.18 gram
3250,334.23 gram
3251,343.47 gram
3252,61828.15 millilitre
3253,224.55 gram
3254,4380601.55 gram
3255,294.35 millilitre
3256,386.43 gram
3257,1479.8 gram
3258,205.2 gram
3259,341.96 gram
3260,132.77 gram
3261,261.34 millilitre
3262,128.75 millilitre
3263,134.86 watt
3264,179.94 gram
3265,289.18 watt
3266,112.24 gram
3267,236085670.41 gram
3268,440.81 gram
3269,831.86 gram
3270,107.22 watt
3271,104.85 millilitre
3272,150.92 watt
3273,851.55 millilitre
3274,541.4 millilitre
3275,563.19 watt
3276,1779.4 millilitre
3277,226.56 volt
3278,255.42 watt
3279,216.45 gram
3280,116.35 gram
3281,3304.69 gram
3282,130.1 watt
3283,205.73 millilitre
3284,61269.55 watt
3285,61148.37 millilitre
3286,61577.04 millilitre
3287,168.75 volt
3288,948.62 gram
3289,766.97 gram
3290,92127.81 millilitre
3291,61415.14 millilitre
3292,207.68 gram
3293,161.22 gram
3294,286.86 millilitre
3295,273.23 volt
3296,216.69 gram
3297,320.97 watt
3298,320.37 volt
3299,118.41 millilitre
3300,125.78 watt
3301,128.36 volt
3302,583.09 watt
3303,626.73 gram
3304,157.9 volt
3305,30746.77 gram
3306,287.52 gram
3307,190.98 watt
3308,160.87 gram
3309,70.06 gram
3310,151.57 gram
3311,380.72 watt
3312,116.94 gram
3313,75.36 volt
3314,422.37 gram
3315,61340.2 gram
3316,81.02 volt
3317,759.82 watt
3318,263.2 gram
3319,190.73 gram
3320,242.32 watt
3321,198.42 volt
3322,2369.41 watt
3323,390.08 gram
3324,549.12 gram
3325,132.41 watt
3326,112.91 gram
3327,172.33 watt
3328,302.07 millilitre
3329,276.77 gram
3330,617.92 volt
3331,13753.68 gram
3332,115.01 volt
3333,91890.79 gram
3334,688.34 gram
3335,200.24 watt
3336,83.11 volt
3337,6572.11 volt
3338,6747.71 watt
3339,295.53 gram
3340,359.95 watt
3341,61058.9 gram
3342,251.36 watt
3343,328.83 gram
3344,826.92 gram
3345,248.36 watt
3346,382.05 gram
3347,213.46 gram
3348,199.67 gram
3349,192.82 gram
3350,77.89 volt
3351,261.18 gram
3352,346.89 gram
3353,261.83 volt
3354,176.96 millilitre
3355,312.44 gram
3356,209.02 gram
3357,454.86 gram
3358,617.22 gram
3359,1582163.04 watt
3360,372.73 gram
3361,74.36 volt
3362,112.28 millilitre
3363,182.5 watt
3364,177.45 millilitre
3365,136.52 gram
3366,282.44 gram
3367,299.15 volt
3368,192.24 watt
3369,30495.94 gram
3370,1800.52 gram
3371,47.99 gram
3372,75.1 gram
3373,61886.71 gram
3374,378.46 millilitre
3375,321.34 millilitre
3376,278.52 millilitre
3377,277.3 watt
3378,331.92 gram
3379,518.19 watt
3380,140.97 watt
3381,490.22 watt
3382,260.25 millilitre
3383,200.85 millilitre
3384,841.45 watt
3385,315.48 gram
3386,431.47 watt
3387,307.33 gram
3388,1123.53 gram
3389,1423.59 volt
3390,85.31 gram
3391,229.98 volt
3392,399.36 millilitre
3393,467.97 millilitre
3394,569.99 gram
3395,591.49 gram
3396,227.64 volt
3397,233.13 volt
3398,1419.67 gram
3399,907.31 gram
3400,329.21 millilitre
3401,209.86 gram
3402,128.38 gram
3403,181.31 gram
3404,520.83 gram
3405,468.31 gram
3406,61606.33 gram
3407,245.42 volt
3408,154.37 gram
3409,203.86 gram
3410,120.16 gram
3411,649.48 gram
3412,3919.51 gram
3413,807.38 watt
3414,357.6 gram
3415,141.02 gram
3416,617.85 watt
3417,498.53 volt
3418,446.18 gram
3419,182.12 gram
3420,168.85 gram
3421,254.71 volt
3422,361.64 volt
3423,829.3 watt
3424,8758544.82 gram
3425,8763312.14 volt
3426,163.27 watt
3427,90.16 gram
3428,156.39 watt
3429,271.19 gram
3430,1394.07 watt
3431,276.89 gram
3432,159.17 volt
3433,161.0 volt
3434,117.5 gram
3435,91.56 gram
3436,255.89 watt
3437,259.12 gram
3438,286.12 gram
3439,315561.61 gram
3440,307.08 millilitre
3441,330.78 gram
3442,1096.37 millilitre
3443,88.55 gram
3444,128.92 gram
3445,77.72 watt
3446,67.4 watt
3447,313.86 gram
3448,212.28 gram
3449,246.33 gram
3450,298.02 gram
3451,728.55 gram
3452,425.09 gram
3453,2330.62 gram
3454,269.5 gram
3455,638.27 volt
3456,642.51 watt
3457,408.17 gram
3458,488.91 millilitre
3459,422.44 gram
3460,229.47 volt
3461,4241.84 watt
3462,457.02 watt
3463,162.22 watt
3464,137.57 gram
3465,225.08 watt
3466,230.18 volt
3467,100.5 watt
3468,136.92 millilitre
3469,504.69 gram
3470,133.93 watt
3471,2560.57 gram
3472,203.62 gram
3473,328.58 watt
3474,192.8 watt
3475,254.88 gram
3476,154.24 volt
3477,115.64 gram
3478,194.24 watt
3479,121.46 gram
3480,194.64 volt
3481,92.4 gram
3482,81.58 watt
3483,97.22 gram
3484,606.94 gram
3485,348.23 gram
3486,369.75 gram
3487,135.99 watt
3488,192.93 gram
3489,555.39 watt
3490,210.24 gram
3491,1233.95 millilitre
3492,331.16 watt
3493,209.74 gram
3494,39102.72 watt
3495,296.49 gram
3496,269.11 gram
3497,74.81 gram
3498,286.12 watt
3499,172.74 volt
3500,213.16 watt
3501,480.16 gram
3502,2273.36 volt
3503,324.56 gram
3504,152.42 millilitre
3505,180.59 gram
3506,168.59 watt
3507,266.62 gram
3508,173.77 gram
3509,138.58 gram
3510,388.45 gram
3511,326.71 watt
3512,239.0 gram
3513,294.22 gram
3514,304.45 volt
3515,123.79 gram
3516,129.8 gram
3517,143.3 millilitre
3518,151.14 gram
3519,363.08 volt
3520,104.06 millilitre
3521,30957996.81 watt
3522,314847.52 gram
3523,301.31 gram
3524,96.79 gram
3525,247.12 watt
3526,287.71 gram
3527,442.5 gram
3528,555.75 watt
3529,311.1 millilitre
3530,230.55 watt
3531,802.78 watt
3532,1049.99 gram
3533,382.12 watt
3534,938.97 millilitre
3535,279.17 gram
3536,116.65 watt
3537,710.72 gram
3538,85.75 gram
3539,266.79 watt
3540,337.39 gram
3541,305.98 gram
3542,201.69 watt
3543,309.24 gram
3544,484.92 gram
3545,158.41 gram
3546,6820.96 gram
3547,415.4 watt
3548,637.73 volt
3549,566.68 millilitre
3550,61833.33 millilitre
3551,61618.56 watt
3552,142.43 gram
3553,61607.66 gram
3554,206.88 millilitre
3555,225.64 volt
3556,140.69 gram
3557,581.29 volt
3558,244.84 gram
3559,106.9 millilitre
3560,1743.23 millilitre
3561,629488.68 watt
3562,345.68 gram
3563,30587.42 volt
3564,663.39 watt
3565,516.97 gram
3566,634.07 millilitre
3567,198.5 gram
3568,259.41 gram
3569,231.79 gram
3570,290.12 watt
3571,295.96 volt
3572,1144.78 gram
3573,311.11 gram
3574,98.99 volt
3575,101.92 millilitre
3576,120.57 millilitre
3577,215.5 gram
3578,98.12 watt
3579,752.54 gram
3580,215.5 gram
3581,61386.92 watt
3582,101.22 gram
3583,353.8 gram
3584,1797.93 gram
3585,61042.57 gram
3586,192.92 gram
3587,136.21 gram
3588,216.9 millilitre
3589,273.92 millilitre
3590,325.51 volt
3591,245.21 gram
3592,887.34 gram
3593,2977.18 gram
3594,268.14 volt
3595,3104.36 gram
3596,602.95 watt
3597,71.63 gram
3598,112.5 watt
3599,524.91 millilitre
3600,314571.65 gram
3601,629001.75 watt
3602,127.53 watt
3603,166.15 gram
3604,6763.43 gram
3605,851.36 watt
3606,308.17 watt
3607,432.64 gram
3608,91771.09 gram
3609,234.32 watt
3610,647.73 gram
3611,129.99 watt
3612,16840848380.64 volt
3613,299.38 millilitre
3614,315.16 gram
3615,385.99 gram
3616,253.61 gram
3617,384.24 gram
3618,110.59 watt
3619,1866.23 gram
3620,293.3 gram
3621,1936.14 watt
3622,98.59 gram
3623,675.72 gram
3624,684.81 gram
3625,216.99 gram
3626,182.3 gram
3627,204.22 watt
3628,460.63 gram
3629,94.0 watt
3630,286.48 volt
3631,151.59 watt
3632,316505.38 gram
3633,572.02 gram
3634,316181.31 gram
3635,327.21 gram
3636,165.86 gram
3637,210.31 watt
3638,309.7 millilitre
3639,315.29 gram
3640,304.19 gram
3641,1286.77 gram
3642,263.48 gram
3643,312.22 watt
3644,407.78 watt
3645,142.98 gram
3646,218.8 volt
3647,233.38 watt
3648,421.19 watt
3649,137.05 volt
3650,184.81 gram
3651,229.32 gram
3652,679.31 millilitre
3653,310.53 millilitre
3654,321.99 watt
3655,91698.98 gram
3656,208.23 gram
3657,223.13 gram
3658,1319.27 gram
3659,230.61 gram
3660,1367.39 watt
3661,130.01 gram
3662,11394.34 gram
3663,131.64 gram
3664,698.35 millilitre
3665,203.95 watt
3666,282.34 volt
3667,232.29 watt
3668,259.25 gram
3669,193.79 volt
3670,260.17 volt
3671,346.05 watt
3672,112.29 volt
3673,237.97 gram
3674,722.46 watt
3675,730.18 volt
3676,61166.65 millilitre
3677,188.42 gram
3678,367.11 millilitre
3679,2555.25 gram
3680,98.61 gram
3681,510.13 volt
3682,744.19 watt
3683,449.58 gram
3684,726.33 gram
3685,674.48 gram
3686,699.4 gram
3687,103.38 watt
3688,314730.33 watt
3689,314708.01 gram
3690,61466.14 millilitre
3691,417.11 gram
3692,181.99 gram
3693,243.61 watt
3694,305.61 volt
3695,304.62 gram
3696,899.12 volt
3697,151.44 gram
3698,629040.15 gram
3699,108.61 volt
3700,217.35 watt
3701,30786.8 gram
3702,113.55 watt
3703,30751.75 volt
3704,91705.58 watt
3705,239.22 gram
3706,102.32 watt
3707,134.92 gram
3708,81.89 gram
3709,207.19 gram
3710,167.95 millilitre
3711,154.62 gram
3712,199.36 gram
3713,8420424337.21 volt
3714,8420424337.21 watt
3715,61144.96 millilitre
3716,140.99 gram
3717,2235.65 gram
3718,223.25 millilitre
3719,61.16 watt
3720,235.09 gram
3721,232.43 gram
3722,879.83 millilitre
3723,145.49 gram
3724,286.56 watt
3725,231.79 gram
3726,78.16 watt
3727,152.16 gram
3728,320.37 watt
3729,452.46 gram
3730,271.58 gram
3731,92.79 gram
3732,18007635.4 volt
3733,1300.42 watt
3734,18007639.5 volt
3735,3738.4 watt
3736,555.23 gram
3737,472.07 watt
3738,504.6 gram
3739,198.37 gram
3740,88.37 volt
3741,176.22 millilitre
3742,168.61 millilitre
3743,401.07 millilitre
3744,314832.3 gram
3745,60985.87 millilitre
3746,165.63 gram
3747,192.62 gram
3748,259.69 gram
3749,30638.36 gram
3750,169.5 gram
3751,248.7 watt
3752,374.28 gram
3753,545.26 gram
3754,228.21 gram
3755,838.5 watt
3756,175.14 gram
3757,346.93 gram
3758,265.65 gram
3759,127.58 watt
3760,100.31 gram
3761,223.4 gram
3762,83.01 gram
3763,256.03 watt
3764,253.77 volt
3765,371.63 watt
3766,61092.81 watt
3767,61028.79 millilitre
3768,1257.55 watt
3769,134.87 gram
3770,61139.69 gram
3771,117.19 gram
3772,283.95 watt
3773,680.07 watt
3774,643.97 gram
3775,218.51 gram
3776,361.09 watt
3777,145.53 gram
3778,128.25 volt
3779,135.02 watt
3780,137.5 gram
3781,118.95 gram
3782,263.45 gram
3783,381.81 gram
3784,61280.06 gram
3785,314860.14 gram
3786,30752.46 watt
3787,309.49 gram
3788,291.51 millilitre
3789,423.98 volt
3790,132.52 watt
3791,4934.55 gram
3792,887.79 gram
3793,887.79 gram
3794,83.8 gram
3795,353.61 gram
3796,449.18 watt
3797,471.09 millilitre
3798,587.8 millilitre
3799,207.76 watt
3800,178.67 gram
3801,572.96 gram
3802,107.31 gram
3803,69.87 gram
3804,244.73 watt
3805,190.76 gram
3806,207.71 gram
3807,187.55 volt
3808,124.41 gram
3809,150.96 gram
3810,303.96 gram
3811,1242.4 volt
3812,6180.31 gram
3813,72.78 millilitre
3814,467.69 gram
3815,301.26 volt
3816,300.69 watt
3817,152.02 gram
3818,1355.89 gram
3819,190.15 gram
3820,358.25 gram
3821,337.49 volt
3822,154.2 gram
3823,366.37 gram
3824,157.19 volt
3825,152.23 watt
3826,1671.2 gram
3827,98.45 gram
3828,260.89 gram
3829,179.76 watt
3830,538.85 volt
3831,194.31 gram
3832,480.07 gram
3833,447.04 gram
3834,1363.22 gram
3835,439.16 gram
3836,138.12 gram
3837,203.62 volt
3838,61145.81 gram
3839,161.69 watt
3840,333.29 kilogram
3841,492.5 gram
3842,61280.85 millilitre
3843,61341.52 watt
3844,70691.04 millilitre
3845,474.16 volt
3846,6320.67 watt
3847,232.33 gram
3848,241.9 gram
3849,13322.93 gram
3850,299.68 volt
3851,297.54 watt
3852,220.25 gram
3853,1147.25 gram
3854,275.91 gram
3855,61396.33 gram
3856,691.56 millilitre
3857,404.07 watt
3858,167.75 gram
3859,122.45 gram
3860,6806.31 gram
3861,1690.93 gram
3862,83.89 watt
3863,1702.67 gram
3864,452.41 gram
3865,30725.86 watt
3866,30724.16 volt
3867,348.38 gram
3868,122.35 millilitre
3869,242.49 gram
3870,327.58 watt
3871,359.63 volt
3872,275.14 gram
3873,184.62 gram
3874,280.19 volt
3875,423.78 watt
3876,344.8 gram
3877,357.4 watt
3878,211.93 volt
3879,336.93 gram
3880,267.64 millilitre
3881,502.19 watt
3882,945.28 gram
3883,257.25 watt
3884,213.03 gram
3885,61102.3 watt
3886,61161.21 gram
